﻿<?xml version="1.0" encoding="utf-8"?>
<deployment>
  <id>807a9f8401854dc4b544421e481790e6</id>
  <author>N/A</author>
  <deployer>OneDeploy</deployer>
  <authorEmail>N/A</authorEmail>
  <message>OneDeploy</message>
  <progress></progress>
  <status>Success</status>
  <statusText></statusText>
  <lastSuccessEndTime>2026-02-21T15:25:33.6128987Z</lastSuccessEndTime>
  <receivedTime>2026-02-21T15:25:32.7845887Z</receivedTime>
  <startTime>2026-02-21T15:25:32.8783415Z</startTime>
  <endTime>2026-02-21T15:25:33.6128987Z</endTime>
  <complete>True</complete>
  <is_temp>False</is_temp>
  <is_readonly>True</is_readonly>
  <project_type>Run-From-Zip</project_type>
  <vsproject_id></vsproject_id>
</deployment>