{"TimeStamp":"2026-02-21T15:25:33Z","SiteName":"app-djoppie-hive-dev-api-hohtjx","RequestId":"891177a2-0f39-11f1-9fb5-04d9f5812b63","Kind":"OneDeploy","Status":"Success","Details":"{\"Id\":\"807a9f8401854dc4b544421e481790e6\",\"Status\":4,\"StatusText\":\"\",\"AuthorEmail\":\"N/A\",\"Author\":\"N/A\",\"Message\":\"OneDeploy\",\"Progress\":\"\",\"Deployer\":\"OneDeploy\",\"ReceivedTime\":\"2026-02-21T15:25:32.7845887Z\",\"StartTime\":\"2026-02-21T15:25:32.8783415Z\",\"EndTime\":\"2026-02-21T15:25:33.6128987Z\",\"LastSuccessEndTime\":\"2026-02-21T15:25:33.6128987Z\",\"Complete\":true,\"IsTemporary\":false,\"IsReadOnly\":true,\"SiteName\":\"app-djoppie-hive-dev-api-hohtjx\",\"HostName\":\"app-djoppie-hive-dev-api-hohtjx.scm.azurewebsites.net\",\"ProjectType\":\"Run-From-Zip\",\"VsProjectId\":null}"}