<step title="Incoming Request" date="2026-02-21T15:25:28.253" instance="22a7da" url="/api/publish?type=zip" method="POST" type="request" pid="7468,2,7" Cache-Control="no-cache" Connection="Keep-Alive" Content-Length="29863137" Content-Type="application/octet-stream" Accept="*/*" Accept-Encoding="gzip, deflate" Authorization="Bas..." Host="app-djoppie-hive-dev-api-hohtjx.scm.azurewebsites.net" User-Agent="AZURECLI/2.82.0 (MSI)" x-ms-client-request-id="891177a2-0f39-11f1-9fb5-04d9f5812b63" X-ARR-LOG-ID="891177a2-0f39-11f1-9fb5-04d9f5812b63" CLIENT-IP="84.193.188.23:61215" X-SITE-DEPLOYMENT-ID="app-djoppie-hive-dev-api-hohtjx" WAS-DEFAULT-HOSTNAME="app-djoppie-hive-dev-api-hohtjx.scm.azurewebsites.net" X-Forwarded-Proto="https" X-AppService-Proto="https" X-Forwarded-TlsVersion="1.3" X-WAWS-Unencoded-URL="/api/publish?type=zip" X-MS-COLDSTART="1" >
  <step title="OneDeploy" date="2026-02-21T15:25:28.815" >
    <step title="Starting PushDeployAsync" date="2026-02-21T15:25:28.878" /><!-- duration: 16ms -->
    <step title="Updating shutdown sentinel last write time" date="2026-02-21T15:25:28.925" SemaphoreCount="7" /><!-- duration: 16ms -->
    <step title="LockFile &apos;C:\home\site\locks\deployments.lock&apos; acquired" date="2026-02-21T15:25:28.940" /><!-- duration: 0ms -->
    <step title="Saving request content to C:\home\data\SitePackages\20260221152528.zip" date="2026-02-21T15:25:28.940" >
      <step title="Total 29,863,137 bytes written to C:\home\data\SitePackages\20260221152528.zip" date="2026-02-21T15:25:32.534" /><!-- duration: 0ms -->
    </step><!-- duration: 3641ms -->
    <step title="LockFile &apos;C:\home\site\locks\deployments.lock&apos; released" date="2026-02-21T15:25:32.581" /><!-- duration: 0ms -->
    <step title="Deleting shutdown sentinel file" date="2026-02-21T15:25:32.597" SemaphoreCount="8" /><!-- duration: 0ms -->
    <step title="Starting FetchDeploy" date="2026-02-21T15:25:32.597" /><!-- duration: 0ms -->
    <step title="Attempting to fetch target branch HEAD" date="2026-02-21T15:25:32.597" /><!-- duration: 16ms -->
    <step title="Updating shutdown sentinel last write time" date="2026-02-21T15:25:32.612" SemaphoreCount="7" /><!-- duration: 0ms -->
    <step title="LockFile &apos;C:\home\site\locks\deployments.lock&apos; acquired" date="2026-02-21T15:25:32.612" /><!-- duration: 0ms -->
    <step title="Performing fetch based deployment" date="2026-02-21T15:25:32.628" >
      <step title="Creating temporary deployment" date="2026-02-21T15:25:32.628" /><!-- duration: 31ms -->
      <step title="Fetching changes." date="2026-02-21T15:25:32.706" /><!-- duration: 0ms -->
      <step title="Starting LocalZipHandler" date="2026-02-21T15:25:32.722" /><!-- duration: 0ms -->
      <step title="Starting ExtractTriggers" date="2026-02-21T15:25:32.737" /><!-- duration: 0ms -->
      <step title="None repository commit" date="2026-02-21T15:25:32.753" >
        <step title="Commit id: 807a9f8401854dc4b544421e481790e6" date="2026-02-21T15:25:32.753" Message="OneDeploy" AuthorName="N/A" AuthorEmail="N/A" /><!-- duration: 0ms -->
      </step><!-- duration: 16ms -->
      <step title="Before sending BuildRequestReceived status to /api/updatedeploystatus" date="2026-02-21T15:25:32.768" /><!-- duration: 0ms -->
      <step title="DeploymentManager.Deploy(id:807a9f8401854dc4b544421e481790e6)" date="2026-02-21T15:25:32.768" >
        <step title="Collecting changeset information" date="2026-02-21T15:25:32.784" /><!-- duration: 16ms -->
        <step title="Updating submodules" date="2026-02-21T15:25:32.815" >
          <step title="Updating submodules." date="2026-02-21T15:25:32.831" /><!-- duration: 0ms -->
        </step><!-- duration: 16ms -->
        <step title="Preparing deployment for commit id &apos;807a9f8401&apos;." date="2026-02-21T15:25:32.862" /><!-- duration: 0ms -->
        <step title="Determining deployment builder" date="2026-02-21T15:25:32.893" >
          <step title="Builder is RunFromZipSiteBuilder" date="2026-02-21T15:25:32.893" /><!-- duration: 0ms -->
        </step><!-- duration: 0ms -->
        <step title="Copying SSH keys" date="2026-02-21T15:25:32.909" /><!-- duration: 0ms -->
        <step title="Building" date="2026-02-21T15:25:32.909" >
          <step title="Skipping build. Project type: Run-From-Zip" date="2026-02-21T15:25:32.940" /><!-- duration: 0ms -->
          <step title="Skipping post build. Project type: Run-From-Zip" date="2026-02-21T15:25:32.956" /><!-- duration: 16ms -->
          <step title="Requesting site restart" date="2026-02-21T15:25:32.987" /><!-- duration: 0ms -->
          <step title="Requesting site restart" date="2026-02-21T15:25:32.987" /><!-- duration: 16ms -->
          <step title="Requesting site restart. Attempt #1" date="2026-02-21T15:25:33.018" /><!-- duration: 0ms -->
          <step title="Requesting site restart. Attempt #1" date="2026-02-21T15:25:33.018" /><!-- duration: 0ms -->
          <step title="Successfully requested a restart. Attempt #1" date="2026-02-21T15:25:33.581" /><!-- duration: 0ms -->
          <step title="Successfully requested a restart. Attempt #1" date="2026-02-21T15:25:33.581" /><!-- duration: 0ms -->
          <step title="Deployment successful. DEPLOYMENTINFO: deploymentPath = OneDeploy, deployer = OneDeploy, os = windows, sku = Free, siteName = app-djoppie-hive-dev-api-hohtjx, siteHostName = app-djoppie-hive-dev-api-hohtjx.azurewebsites.net, deploymentStatus = Success" date="2026-02-21T15:25:33.597" /><!-- duration: 16ms -->
        </step><!-- duration: 781ms -->
      </step><!-- duration: 922ms -->
      <step title="Cleaning up temp files" date="2026-02-21T15:25:33.691" /><!-- duration: 16ms -->
      <step title="Updating C:\home\data\SitePackages\packagename.txt with deployment 20260221152528.zip" date="2026-02-21T15:25:33.706" /><!-- duration: 62ms -->
      <step title="Skip function trigger and logicapp sync because function is not enabled." date="2026-02-21T15:25:33.769" /><!-- duration: 16ms -->
    </step><!-- duration: 1172ms -->
    <step title="LockFile &apos;C:\home\site\locks\deployments.lock&apos; released" date="2026-02-21T15:25:33.816" /><!-- duration: 0ms -->
    <step title="Deleting shutdown sentinel file" date="2026-02-21T15:25:33.816" SemaphoreCount="8" /><!-- duration: 0ms -->
  </step><!-- duration: 5000ms -->
  <step title="Outgoing response" date="2026-02-21T15:25:33.847" type="response" statusCode="200" statusText="OK" Server="Microsoft-IIS/10.0" x-ms-request-id="891177a2-0f39-11f1-9fb5-04d9f5812b63" Cache-Control="private" X-AspNet-Version="4.0.30319" /><!-- duration: 0ms -->
</step><!-- duration: 5610ms -->
